"","Env-Metric","Env-Stat","Estimate","Statistic","P-Value"
"1","pH","Mean",-0.385963207552419,-9.34594308336223,3.03989245023494e-19
"2","DO","Mean",0.394739077627954,9.96514121912338,1.40268840684679e-21
"3","Salinity","Mean",0.375369145642441,7.93602137602039,2.31538934742189e-14
"4","Temperature","Mean",-0.341867433132456,-8.43795823928173,2.99775578575428e-16
"5","pH","Var",-0.385963207552419,-9.34594308336223,3.03989245023494e-19
"6","DO","Var",0.394739077627954,9.96514121912338,1.40268840684679e-21
"7","Salinity","Var",0.375369145642441,7.93602137602039,2.31538934742189e-14
"8","Temperature","Var",-0.341867433132456,-8.43795823928173,2.99775578575428e-16
