"","Env-Metric","Env-Stat","Estimate","Statistic","P-Value"
"1","pH","Mean",-0.385963207552419,-9.34594308336223,3.03989245023494e-19
"2","DO","Mean",0.394739077627954,9.96514121912338,1.40268840684679e-21
"3","Salinity","Mean",0.375369145642441,7.93602137602039,2.31538934742189e-14
"4","Temperature","Mean",-0.341867433132456,-8.43795823928173,2.99775578575428e-16
"5","pH","SD",0.355352499735751,8.49224207911765,2.33970988878865e-16
"6","DO","SD",0.435451802373971,11.2198334510491,2.14559763050561e-26
"7","Salinity","SD",0.0161600556574575,0.316712481626605,0.751633881906864
"8","Temperature","SD",0.401180327667147,10.158643535715,2.68191714293066e-22
