"","Env-Metric","Env-Stat","Estimate","Statistic","P-Value"
"1","pH","Mean",-0.320745685697313,-7.60993083172508,1.3544874941083e-13
"2","DO","Mean",0.450596263078871,11.9123131491724,2.64582105894766e-29
"3","Salinity","Mean",0.255582975828532,5.3789961752389,1.25541011729465e-07
"4","Temperature","Mean",-0.389745864040195,-9.98817290717322,1.01401920507292e-21
"5","pH","SD",0.295695195683664,6.95597812808904,1.0895468597609e-11
"6","DO","SD",0.477691897384956,12.8327621500583,3.30215758584405e-33
"7","Salinity","SD",0.135504295013955,2.78277069370104,0.00563636503672624
"8","Temperature","SD",0.386046655447855,9.87667543801301,2.62228903017095e-21
